epoch;f1;loss;lr;val_f1;val_loss
0;0.2027394026517868;1.9196059703826904;6e-05;0.0;1.435145378112793
1;0.2267322540283203;1.707324504852295;6e-05;0.0;1.7486624717712402
2;0.25641563534736633;1.5299888849258423;6e-05;0.0;1.3738090991973877
3;0.30260923504829407;1.3989217281341553;6e-05;0.012340599671006203;1.3022899627685547
4;0.360463410615921;1.26834237575531;6e-05;0.03785755857825279;1.2571648359298706
5;0.43177101016044617;1.1466522216796875;6e-05;0.22208529710769653;1.0248279571533203
0;0.19065149128437042;1.884243130683899;6e-05;0.0;1.0836843252182007
1;0.22547292709350586;1.6781433820724487;6e-05;0.0;1.087146520614624
2;0.2442958652973175;1.53718900680542;6e-05;0.11942699551582336;0.997774600982666
3;0.2987028956413269;1.388449788093567;6e-05;0.3192841112613678;0.8901137709617615
4;0.3454323410987854;1.281359076499939;6e-05;0.5225131511688232;0.8018699884414673
5;0.40079009532928467;1.1746351718902588;6e-05;0.4527118504047394;0.8549864292144775
6;0.47065725922584534;1.0567408800125122;6e-05;0.6177008152008057;0.7582880854606628
7;0.528994083404541;0.9556228518486023;6e-05;0.7005070447921753;0.6945047378540039
8;0.6023867130279541;0.8625147938728333;6e-05;0.7867835760116577;0.6178719401359558
9;0.6793341040611267;0.7660075426101685;6e-05;0.8579792380332947;0.5327927470207214
10;0.7413314580917358;0.6809074282646179;6e-05;0.9147729873657227;0.4664227366447449
11;0.7887555360794067;0.5956549048423767;6e-05;0.9567782282829285;0.38614940643310547
12;0.8357694745063782;0.5267101526260376;6e-05;0.9798412919044495;0.3248213827610016
13;0.8713886141777039;0.4673416316509247;6e-05;0.9871696829795837;0.29688015580177307
14;0.9082911014556885;0.393106609582901;6e-05;0.9967440366744995;0.23432768881320953
15;0.9205572009086609;0.3523361384868622;6e-05;0.9987789988517761;0.19560670852661133
16;0.9472713470458984;0.3005104064941406;6e-05;0.9995930194854736;0.17020569741725922
17;0.9611427187919617;0.2572929859161377;6e-05;0.9995930194854736;0.14485688507556915
18;0.9691193103790283;0.2277919203042984;6e-05;1.0;0.12418819963932037
19;0.9756972193717957;0.19964200258255005;6e-05;1.0;0.10314429551362991
20;0.9829699993133545;0.16871178150177002;6e-05;1.0;0.08577961474657059
21;0.9861114025115967;0.1525903344154358;6e-05;1.0;0.07379987835884094
22;0.9892100691795349;0.13153564929962158;6e-05;1.0;0.06793636828660965
23;0.9920965433120728;0.11739224195480347;6e-05;1.0;0.05610806494951248
24;0.9923076033592224;0.10475926846265793;6e-05;1.0;0.0459074005484581
25;0.9963217377662659;0.09216873347759247;6e-05;1.0;0.039763517677783966
26;0.9963186979293823;0.08365451544523239;6e-05;1.0;0.03600500151515007
27;0.9961189031600952;0.07174619287252426;6e-05;1.0;0.03198143467307091
28;0.9973112940788269;0.06624913960695267;6e-05;1.0;0.028435025364160538
29;0.9977583289146423;0.058793146163225174;6e-05;1.0;0.02503403276205063
30;0.9978492856025696;0.05309901386499405;6e-05;1.0;0.02323891967535019
31;0.9983686804771423;0.04870034381747246;6e-05;1.0;0.02138296514749527
32;0.9992858171463013;0.04312342405319214;6e-05;1.0;0.019185874611139297
33;0.9985700249671936;0.042074866592884064;6e-05;1.0;0.01684531569480896
34;0.9990828633308411;0.0362967811524868;6e-05;1.0;0.015268050134181976
35;0.9991835355758667;0.03324924036860466;6e-05;1.0;0.013792513869702816
36;0.999180257320404;0.03176422789692879;6e-05;1.0;0.012614362873136997
37;0.9995925426483154;0.027130592614412308;6e-05;1.0;0.011237380094826221
38;0.9994903206825256;0.02643531747162342;6e-05;1.0;0.010666202753782272
39;0.9988799691200256;0.0247599296271801;6e-05;1.0;0.00964371021836996
40;0.9992858171463013;0.023196950554847717;6e-05;1.0;0.00893450528383255
41;0.9993880391120911;0.021008361130952835;6e-05;1.0;0.008067026734352112
42;0.9991851449012756;0.020424731075763702;6e-05;1.0;0.007926852442324162
43;0.9997954964637756;0.016338815912604332;6e-05;1.0;0.00716760428622365
44;0.9997971057891846;0.01654186099767685;6e-05;1.0;0.006337252911180258
45;0.9998977184295654;0.015262828208506107;6e-05;1.0;0.005921431817114353
46;0.9998977184295654;0.014307454228401184;6e-05;1.0;0.00567882414907217
47;0.9996932148933411;0.012872004881501198;6e-05;1.0;0.004987632855772972
48;0.9998977184295654;0.012782223522663116;6e-05;1.0;0.00482506537809968
49;0.9994919300079346;0.012151213362812996;6e-05;1.0;0.004454204812645912
50;0.9998977184295654;0.010695074684917927;6e-05;1.0;0.004111120942980051
51;1.0;0.010019227862358093;6e-05;1.0;0.003841843456029892
52;0.9997971057891846;0.00963690783828497;6e-05;1.0;0.0036791188176721334
53;0.99969482421875;0.009461425244808197;6e-05;1.0;0.0035379056353121996
54;1.0;0.008320720866322517;6e-05;1.0;0.0031231895554810762
55;1.0;0.007540559396147728;6e-05;1.0;0.0028618592768907547
56;0.99969482421875;0.007910244166851044;6e-05;1.0;0.0028200901579111814
57;1.0;0.006841578986495733;6e-05;1.0;0.002581618260592222
58;0.9998977184295654;0.006621993612498045;6e-05;1.0;0.0024249728303402662
59;1.0;0.005858919583261013;6e-05;1.0;0.0022028388921171427
60;0.9997971057891846;0.006501271855086088;6e-05;1.0;0.0021512683015316725
61;0.9997954964637756;0.005875375587493181;6e-05;1.0;0.00214379676617682
62;0.9998977184295654;0.005120797548443079;6e-05;1.0;0.0018481442239135504
63;1.0;0.005060315597802401;6e-05;1.0;0.0018034168751910329
64;0.9997954964637756;0.0050208293832838535;6e-05;1.0;0.001851867069490254
65;1.0;0.004345680121332407;6e-05;1.0;0.0016047070967033505
66;1.0;0.0038471596781164408;6e-05;1.0;0.0015044012106955051
67;1.0;0.003912984859198332;6e-05;1.0;0.001448161550797522
68;0.9997971057891846;0.004026038106530905;6e-05;1.0;0.0014414634788408875
69;1.0;0.0032808121759444475;6e-05;1.0;0.0012433945666998625
70;0.9998977184295654;0.003295013913884759;6e-05;1.0;0.001242270809598267
71;1.0;0.0036059264093637466;6e-05;1.0;0.0011841690866276622
72;1.0;0.0030086981132626534;6e-05;1.0;0.0010784086771309376
73;1.0;0.0028689017053693533;6e-05;1.0;0.0009972699917852879
74;1.0;0.002634201431646943;6e-05;1.0;0.0009273702162317932
75;1.0;0.0024156253784894943;6e-05;1.0;0.000867415452376008
76;1.0;0.0024612052366137505;6e-05;1.0;0.0008027419098652899
77;1.0;0.002357622841373086;6e-05;1.0;0.0007822089828550816
78;1.0;0.0022807300556451082;6e-05;1.0;0.0007412584964185953
79;1.0;0.0021746777929365635;6e-05;1.0;0.000703035038895905
80;1.0;0.0020755615551024675;6e-05;1.0;0.0006860272842459381
81;1.0;0.001884883618913591;6e-05;1.0;0.0006604865193367004
82;1.0;0.0017219561850652099;6e-05;1.0;0.0005975391250103712
83;1.0;0.001626333687454462;6e-05;1.0;0.0005737460451200604
84;1.0;0.001645485288463533;6e-05;1.0;0.0005806917906738818
85;1.0;0.0015867308247834444;6e-05;1.0;0.0005373863386921585
86;1.0;0.0013350533554330468;6e-05;1.0;0.0004994474002160132
87;1.0;0.0013467383105307817;6e-05;1.0;0.0004931294824928045
88;0.9997971057891846;0.0018444734159857035;6e-05;1.0;0.0006301248213276267
89;1.0;0.0015511712990701199;6e-05;1.0;0.00047494564205408096
90;1.0;0.0014275114517658949;1.8973666e-05;1.0;0.0004955024924129248
91;1.0;0.0013023832580074668;1.8973666e-05;1.0;0.0004670464841183275
92;1.0;0.0012120719766244292;1.8973666e-05;1.0;0.00044385253568179905
93;1.0;0.001231312402524054;1.8973666e-05;1.0;0.00043998053297400475
94;1.0;0.0012148073874413967;1.8973666e-05;1.0;0.0004251933132763952
95;1.0;0.001077187480404973;1.8973666e-05;1.0;0.0004065625253133476
96;1.0;0.001247196807526052;1.8973666e-05;1.0;0.00039787538116797805
97;1.0;0.0011189156211912632;1.8973666e-05;1.0;0.00038454445893876255
98;1.0;0.0010841430630534887;5.9999998e-06;1.0;0.0003802612773142755
99;1.0;0.0010495195165276527;5.9999998e-06;1.0;0.0003713862388394773
